License,# of datasets,# of records,% of occurrence records
CC BY,89,4854998,0.009339
CC BY-NC,17,4928804,0.009481
CC BY-NC-ND,2,662341,0.001274
CC BY-NC-SA,19,1338412,0.002574
CC BY-SA,12,16149,0.000031
CC0,226,10930125,0.021024
ODC-By,23,1967987,0.003785
ODbL & DbCL,4,1527,0.000003
PDDL,13,34142,0.000066
no license,11754,244200443,0.469717
no standard license,1642,250953158,0.482706
