License,# of datasets,# of records,% of occurrence records
CC BY,8,2240674,0.005387
CC BY-NC,10,4308627,0.010359
CC BY-NC-ND,1,26132,0.000063
CC BY-NC-SA,17,569040,0.001368
CC BY-SA,16,450421,0.001083
CC0,105,2155108,0.005182
ODC-By,7,561776,0.001351
ODbL & DbCL,3,864,0.000002
no license,10734,305546382,0.734625
no standard license,1069,100062731,0.240581
